,facemesh_Chrom,facemesh_LiCvpr,facemesh_Pos,full_Chrom,full_LiCvpr,full_Pos,haar_Chrom,haar_LiCvpr,haar_Pos
p29_0,43.81718821381217,33.70897769581509,28.50953830032273,41.84980883433229,34.78381755820887,31.86196369171658,47.902958164319344,27.493413744280808,22.26410364907296
p29_16,46.919474152831164,32.213203063826015,29.74035386247819,52.93788399682652,36.27851660592536,34.35809038378072,52.98523988703573,29.005413729900546,33.20676177383146
p29_4,45.217015448819275,23.74837628237447,24.665194225731227,41.52131205572468,25.62776185251742,27.74430836274894,44.432423572165376,16.067830047299648,24.521888977746077
p29_8,39.791883039101975,13.617332566154568,20.171591644974598,42.79451374666093,26.752023176141655,25.62293911747387,34.8272135527307,15.749514686517188,16.423443949558866
p6_0,9.170213115630578,11.596002054224675,10.025588125176164,6.775124669620444,11.449601575405435,15.727160595922916,11.298107488781849,28.620718484629172,10.618249158463673
p6_16,6.515036429391399,3.2523429781575843,12.143533888203025,11.348800549645393,8.017650609129982,7.693264919289521,8.078141378554646,14.157964506380415,9.253429115722172
p6_4,13.291440029946177,8.117532209375486,14.905658385822893,13.69418094478527,10.154410820178995,11.162638874026602,9.697315348523617,19.09022593864492,13.270627556394931
p6_8,12.4212558584336,7.068142440775949,12.43941562975272,10.936626185691747,9.335148412946747,14.855636676673958,10.327953737935225,18.163713451487713,8.413701610433034
